USE ControleAcademico;

INSERT INTO aluno VALUES 
('0220212019001', '727.388.630-00', 'Betina Vitória Costa'),
('0220212019002', '321.035.780-31', 'Aparecida Elaine'),
('0220212019003', '634.436.880-20', 'Ryan Antonio Farias'),
('0220212019004', '416.912.810-93', 'Ricardo Sérgio Farias'),
('0220212019005', '660.307.690-06', 'Emilly Antônia Josefa');



INSERT INTO disciplina VALUES
('LIN100', 'Inglês I', 60.00),
('ILP010', 'Linguagem de Programação', 80.00),
('MCA002', 'Cálculo', 60.00),
('LIN200', 'Inglês II', 60.00),
('IED001', 'Estruturas de Dados', 80.00),
('IBD002', 'Banco de Dados', 80.00),
('ILP007', 'Programação Orientada a Objetos', 80.00),
('LIN300', 'Inglês III', 60.00);



INSERT INTO matricula (ano, semestre, codigo_disciplina, ra_aluno, nota1, nota2, nota_substutiva, faltas) VALUES
(2021, 1, 'LIN100', '0220212019001', 4.00, 9.00, NULL, 12),
(2021, 1, 'ILP010', '0220212019001', 1.5, 7.75, 2.00, 21),
(2021, 1, 'LIN100', '0220212019002', 7.75, 9.00, 5.00, 10),
(2021, 1, 'ILP010', '0220212019002', 3.75, 4.25, 6.00, 22),
(2021, 1, 'LIN100', '0220212019003', 4.25, 1.75, 4.00, 5),
(2021, 1, 'ILP010', '0220212019003', 4.00, 9.00, NULL, 16),
(2021, 1, 'LIN100', '0220212019004', 4.00, 4.00, 3.00, 2),
(2021, 1, 'ILP010', '0220212019004', 5.00, 3.25, NULL, 24),
(2021, 1, 'LIN100', '0220212019005', 3.75, 4.25, 6.00, 16),
(2021, 1, 'ILP010', '0220212019005', 4.00, 9.00, 5.00, 2),
(2021, 2, 'MCA002', '0220212019001', 4.00, 9.00, 5.00, 2),
(2021, 2, 'ILP007', '0220212019001', 3.75, 4.25, 6.00, 12),
(2021, 2, 'MCA002', '0220212019002', 5.00, 3.25, NULL, 24),
(2021, 2, 'ILP007', '0220212019002', 4.00, 4.00, 3.00, 2),
(2021, 2, 'LIN100', '0220212019003', 5.75, 8.50, NULL, 4),
(2021, 2, 'MCA002', '0220212019003', 4.00, 9.00, NULL, 21),
(2021, 2, 'ILP007', '0220212019003', 4.25, 1.75, 4.00, 5),
(2021, 2, 'MCA002', '0220212019004', 6.00, 9.00, 5.00, 14),
(2021, 2, 'ILP007', '0220212019004', 7.00, 9.00, 5.00, 21),
(2021, 2, 'MCA002', '0220212019005', 4.25, 1.75, 4.00, 7),
(2021, 2, 'ILP007', '0220212019005', 7.75, 9.00, 5.00, 10);